[
  {
    "形声关系ID": 0,
    "形声字": "崩",
    "声旁": "朋"
  },
  {
    "形声关系ID": 1,
    "形声字": "振",
    "声旁": "辰"
  },
  {
    "形声关系ID": 2,
    "形声字": "愁",
    "声旁": "秋"
  },
  {
    "形声关系ID": 3,
    "形声字": "脆",
    "声旁": "危"
  },
  {
    "形声关系ID": 4,
    "形声字": "期",
    "声旁": "其"
  },
  {
    "形声关系ID": 5,
    "形声字": "躬",
    "声旁": "弓"
  },
  {
    "形声关系ID": 6,
    "形声字": "但",
    "声旁": "旦"
  },
  {
    "形声关系ID": 7,
    "形声字": "敞",
    "声旁": "尚"
  },
  {
    "形声关系ID": 8,
    "形声字": "殃",
    "声旁": "央"
  },
  {
    "形声关系ID": 9,
    "形声字": "舒",
    "声旁": "予"
  },
  {
    "形声关系ID": 10,
    "形声字": "旱",
    "声旁": "干"
  },
  {
    "形声关系ID": 11,
    "形声字": "著",
    "声旁": "者"
  },
  {
    "形声关系ID": 12,
    "形声字": "式",
    "声旁": "弋"
  },
  {
    "形声关系ID": 13,
    "形声字": "召",
    "声旁": "刀"
  },
  {
    "形声关系ID": 14,
    "形声字": "苛",
    "声旁": "可"
  },
  {
    "形声关系ID": 15,
    "形声字": "距",
    "声旁": "巨"
  },
  {
    "形声关系ID": 16,
    "形声字": "草",
    "声旁": "早"
  },
  {
    "形声关系ID": 17,
    "形声字": "葛",
    "声旁": "曷"
  },
  {
    "形声关系ID": 18,
    "形声字": "魄",
    "声旁": "白"
  },
  {
    "形声关系ID": 19,
    "形声字": "据",
    "声旁": "居"
  },
  {
    "形声关系ID": 20,
    "形声字": "障",
    "声旁": "章"
  },
  {
    "形声关系ID": 21,
    "形声字": "泄",
    "声旁": "世"
  },
  {
    "形声关系ID": 22,
    "形声字": "穗",
    "声旁": "惠"
  },
  {
    "形声关系ID": 23,
    "形声字": "杭",
    "声旁": "亢"
  },
  {
    "形声关系ID": 24,
    "形声字": "幽",
    "声旁": "幺"
  },
  {
    "形声关系ID": 25,
    "形声字": "崛",
    "声旁": "屈"
  },
  {
    "形声关系ID": 26,
    "形声字": "嚎",
    "声旁": "豪"
  },
  {
    "形声关系ID": 27,
    "形声字": "逝",
    "声旁": "折"
  },
  {
    "形声关系ID": 28,
    "形声字": "磕",
    "声旁": "盍"
  },
  {
    "形声关系ID": 29,
    "形声字": "序",
    "声旁": "予"
  },
  {
    "形声关系ID": 30,
    "形声字": "愕",
    "声旁": "咢"
  },
  {
    "形声关系ID": 31,
    "形声字": "晦",
    "声旁": "每"
  },
  {
    "形声关系ID": 32,
    "形声字": "助",
    "声旁": "且"
  },
  {
    "形声关系ID": 33,
    "形声字": "悴",
    "声旁": "卒"
  },
  {
    "形声关系ID": 34,
    "形声字": "孟",
    "声旁": "皿"
  },
  {
    "形声关系ID": 35,
    "形声字": "屎",
    "声旁": "尸"
  },
  {
    "形声关系ID": 36,
    "形声字": "僻",
    "声旁": "辟"
  },
  {
    "形声关系ID": 37,
    "形声字": "俯",
    "声旁": "府"
  },
  {
    "形声关系ID": 38,
    "形声字": "猖",
    "声旁": "昌"
  },
  {
    "形声关系ID": 39,
    "形声字": "懈",
    "声旁": "解"
  },
  {
    "形声关系ID": 40,
    "形声字": "拴",
    "声旁": "全"
  },
  {
    "形声关系ID": 41,
    "形声字": "税",
    "声旁": "兑"
  },
  {
    "形声关系ID": 42,
    "形声字": "棚",
    "声旁": "朋"
  },
  {
    "形声关系ID": 43,
    "形声字": "姚",
    "声旁": "兆"
  },
  {
    "形声关系ID": 44,
    "形声字": "吟",
    "声旁": "今"
  },
  {
    "形声关系ID": 45,
    "形声字": "庭",
    "声旁": "廷"
  },
  {
    "形声关系ID": 46,
    "形声字": "牌",
    "声旁": "卑"
  },
  {
    "形声关系ID": 47,
    "形声字": "俘",
    "声旁": "孚"
  },
  {
    "形声关系ID": 48,
    "形声字": "授",
    "声旁": "受"
  },
  {
    "形声关系ID": 49,
    "形声字": "低",
    "声旁": "氐"
  },
  {
    "形声关系ID": 50,
    "形声字": "辜",
    "声旁": "古"
  },
  {
    "形声关系ID": 51,
    "形声字": "拓",
    "声旁": "石"
  },
  {
    "形声关系ID": 52,
    "形声字": "府",
    "声旁": "付"
  },
  {
    "形声关系ID": 53,
    "形声字": "财",
    "声旁": "才"
  },
  {
    "形声关系ID": 54,
    "形声字": "堡",
    "声旁": "保"
  },
  {
    "形声关系ID": 55,
    "形声字": "珠",
    "声旁": "朱"
  },
  {
    "形声关系ID": 56,
    "形声字": "怡",
    "声旁": "台"
  },
  {
    "形声关系ID": 57,
    "形声字": "咽",
    "声旁": "因"
  },
  {
    "形声关系ID": 58,
    "形声字": "衷",
    "声旁": "中"
  },
  {
    "形声关系ID": 59,
    "形声字": "慕",
    "声旁": "莫"
  },
  {
    "形声关系ID": 60,
    "形声字": "似",
    "声旁": "以"
  },
  {
    "形声关系ID": 61,
    "形声字": "搬",
    "声旁": "般"
  },
  {
    "形声关系ID": 62,
    "形声字": "油",
    "声旁": "由"
  },
  {
    "形声关系ID": 63,
    "形声字": "背",
    "声旁": "北"
  },
  {
    "形声关系ID": 64,
    "形声字": "撼",
    "声旁": "咸"
  },
  {
    "形声关系ID": 65,
    "形声字": "拭",
    "声旁": "式"
  },
  {
    "形声关系ID": 66,
    "形声字": "惕",
    "声旁": "易"
  },
  {
    "形声关系ID": 67,
    "形声字": "都",
    "声旁": "者"
  },
  {
    "形声关系ID": 68,
    "形声字": "友",
    "声旁": "又"
  },
  {
    "形声关系ID": 69,
    "形声字": "愈",
    "声旁": "俞"
  },
  {
    "形声关系ID": 70,
    "形声字": "翅",
    "声旁": "支"
  },
  {
    "形声关系ID": 71,
    "形声字": "翻",
    "声旁": "番"
  },
  {
    "形声关系ID": 72,
    "形声字": "趟",
    "声旁": "尚"
  },
  {
    "形声关系ID": 73,
    "形声字": "伺",
    "声旁": "司"
  },
  {
    "形声关系ID": 74,
    "形声字": "倒",
    "声旁": "到"
  },
  {
    "形声关系ID": 75,
    "形声字": "桶",
    "声旁": "甬"
  },
  {
    "形声关系ID": 76,
    "形声字": "蔗",
    "声旁": "庶"
  },
  {
    "形声关系ID": 77,
    "形声字": "拂",
    "声旁": "弗"
  },
  {
    "形声关系ID": 78,
    "形声字": "彰",
    "声旁": "章"
  },
  {
    "形声关系ID": 79,
    "形声字": "褪",
    "声旁": "退"
  },
  {
    "形声关系ID": 80,
    "形声字": "艾",
    "声旁": "乂"
  },
  {
    "形声关系ID": 81,
    "形声字": "阻",
    "声旁": "且"
  },
  {
    "形声关系ID": 82,
    "形声字": "叛",
    "声旁": "反"
  },
  {
    "形声关系ID": 83,
    "形声字": "泳",
    "声旁": "永"
  },
  {
    "形声关系ID": 84,
    "形声字": "墩",
    "声旁": "敦"
  },
  {
    "形声关系ID": 85,
    "形声字": "潮",
    "声旁": "朝"
  },
  {
    "形声关系ID": 86,
    "形声字": "仁",
    "声旁": "人"
  },
  {
    "形声关系ID": 87,
    "形声字": "恭",
    "声旁": "共"
  },
  {
    "形声关系ID": 88,
    "形声字": "欲",
    "声旁": "谷"
  },
  {
    "形声关系ID": 89,
    "形声字": "聆",
    "声旁": "令"
  },
  {
    "形声关系ID": 90,
    "形声字": "洞",
    "声旁": "同"
  },
  {
    "形声关系ID": 91,
    "形声字": "幢",
    "声旁": "童"
  },
  {
    "形声关系ID": 92,
    "形声字": "隔",
    "声旁": "鬲"
  },
  {
    "形声关系ID": 93,
    "形声字": "隧",
    "声旁": "遂"
  },
  {
    "形声关系ID": 94,
    "形声字": "洽",
    "声旁": "合"
  },
  {
    "形声关系ID": 95,
    "形声字": "放",
    "声旁": "方"
  },
  {
    "形声关系ID": 96,
    "形声字": "耘",
    "声旁": "云"
  },
  {
    "形声关系ID": 97,
    "形声字": "剔",
    "声旁": "易"
  },
  {
    "形声关系ID": 98,
    "形声字": "棋",
    "声旁": "其"
  },
  {
    "形声关系ID": 99,
    "形声字": "煽",
    "声旁": "扇"
  },
  {
    "形声关系ID": 100,
    "形声字": "伍",
    "声旁": "五"
  },
  {
    "形声关系ID": 101,
    "形声字": "殖",
    "声旁": "直"
  },
  {
    "形声关系ID": 102,
    "形声字": "溜",
    "声旁": "留"
  },
  {
    "形声关系ID": 103,
    "形声字": "溶",
    "声旁": "容"
  },
  {
    "形声关系ID": 104,
    "形声字": "每",
    "声旁": "母"
  },
  {
    "形声关系ID": 105,
    "形声字": "捂",
    "声旁": "吾"
  },
  {
    "形声关系ID": 106,
    "形声字": "叮",
    "声旁": "丁"
  },
  {
    "形声关系ID": 107,
    "形声字": "芬",
    "声旁": "分"
  },
  {
    "形声关系ID": 108,
    "形声字": "蟹",
    "声旁": "解"
  },
  {
    "形声关系ID": 109,
    "形声字": "否",
    "声旁": "不"
  },
  {
    "形声关系ID": 110,
    "形声字": "排",
    "声旁": "非"
  },
  {
    "形声关系ID": 111,
    "形声字": "哇",
    "声旁": "圭"
  },
  {
    "形声关系ID": 112,
    "形声字": "呼",
    "声旁": "乎"
  },
  {
    "形声关系ID": 113,
    "形声字": "攻",
    "声旁": "工"
  },
  {
    "形声关系ID": 114,
    "形声字": "牲",
    "声旁": "生"
  },
  {
    "形声关系ID": 115,
    "形声字": "侮",
    "声旁": "每"
  },
  {
    "形声关系ID": 116,
    "形声字": "擅",
    "声旁": "亶"
  },
  {
    "形声关系ID": 117,
    "形声字": "慨",
    "声旁": "既"
  },
  {
    "形声关系ID": 118,
    "形声字": "材",
    "声旁": "才"
  },
  {
    "形声关系ID": 119,
    "形声字": "落",
    "声旁": "洛"
  },
  {
    "形声关系ID": 120,
    "形声字": "柱",
    "声旁": "主"
  },
  {
    "形声关系ID": 121,
    "形声字": "裕",
    "声旁": "谷"
  },
  {
    "形声关系ID": 122,
    "形声字": "完",
    "声旁": "元"
  },
  {
    "形声关系ID": 123,
    "形声字": "沙",
    "声旁": "少"
  },
  {
    "形声关系ID": 124,
    "形声字": "媒",
    "声旁": "某"
  },
  {
    "形声关系ID": 125,
    "形声字": "菲",
    "声旁": "非"
  },
  {
    "形声关系ID": 126,
    "形声字": "挪",
    "声旁": "那"
  },
  {
    "形声关系ID": 127,
    "形声字": "督",
    "声旁": "叔"
  },
  {
    "形声关系ID": 128,
    "形声字": "途",
    "声旁": "余"
  },
  {
    "形声关系ID": 129,
    "形声字": "隅",
    "声旁": "禺"
  },
  {
    "形声关系ID": 130,
    "形声字": "慰",
    "声旁": "尉"
  },
  {
    "形声关系ID": 131,
    "形声字": "阿",
    "声旁": "可"
  },
  {
    "形声关系ID": 132,
    "形声字": "歉",
    "声旁": "兼"
  },
  {
    "形声关系ID": 133,
    "形声字": "窒",
    "声旁": "至"
  },
  {
    "形声关系ID": 134,
    "形声字": "快",
    "声旁": "夬"
  },
  {
    "形声关系ID": 135,
    "形声字": "梨",
    "声旁": "利"
  },
  {
    "形声关系ID": 136,
    "形声字": "簇",
    "声旁": "族"
  },
  {
    "形声关系ID": 137,
    "形声字": "虹",
    "声旁": "工"
  },
  {
    "形声关系ID": 138,
    "形声字": "郊",
    "声旁": "交"
  },
  {
    "形声关系ID": 139,
    "形声字": "柜",
    "声旁": "巨"
  },
  {
    "形声关系ID": 140,
    "形声字": "璧",
    "声旁": "辟"
  },
  {
    "形声关系ID": 141,
    "形声字": "膏",
    "声旁": "高"
  },
  {
    "形声关系ID": 142,
    "形声字": "廊",
    "声旁": "郎"
  },
  {
    "形声关系ID": 143,
    "形声字": "汰",
    "声旁": "太"
  },
  {
    "形声关系ID": 144,
    "形声字": "基",
    "声旁": "其"
  },
  {
    "形声关系ID": 145,
    "形声字": "和",
    "声旁": "禾"
  },
  {
    "形声关系ID": 146,
    "形声字": "淹",
    "声旁": "奄"
  },
  {
    "形声关系ID": 147,
    "形声字": "靖",
    "声旁": "青"
  },
  {
    "形声关系ID": 148,
    "形声字": "避",
    "声旁": "辟"
  },
  {
    "形声关系ID": 149,
    "形声字": "痊",
    "声旁": "全"
  },
  {
    "形声关系ID": 150,
    "形声字": "翼",
    "声旁": "異"
  },
  {
    "形声关系ID": 151,
    "形声字": "碑",
    "声旁": "卑"
  },
  {
    "形声关系ID": 152,
    "形声字": "倡",
    "声旁": "昌"
  },
  {
    "形声关系ID": 153,
    "形声字": "膜",
    "声旁": "莫"
  },
  {
    "形声关系ID": 154,
    "形声字": "蔬",
    "声旁": "疏"
  },
  {
    "形声关系ID": 155,
    "形声字": "匪",
    "声旁": "非"
  },
  {
    "形声关系ID": 156,
    "形声字": "他",
    "声旁": "也"
  },
  {
    "形声关系ID": 157,
    "形声字": "唇",
    "声旁": "辰"
  },
  {
    "形声关系ID": 158,
    "形声字": "盛",
    "声旁": "成"
  },
  {
    "形声关系ID": 159,
    "形声字": "超",
    "声旁": "召"
  },
  {
    "形声关系ID": 160,
    "形声字": "博",
    "声旁": "甫"
  },
  {
    "形声关系ID": 161,
    "形声字": "恍",
    "声旁": "光"
  },
  {
    "形声关系ID": 162,
    "形声字": "喻",
    "声旁": "俞"
  },
  {
    "形声关系ID": 163,
    "形声字": "狂",
    "声旁": "王"
  },
  {
    "形声关系ID": 164,
    "形声字": "治",
    "声旁": "台"
  },
  {
    "形声关系ID": 165,
    "形声字": "型",
    "声旁": "刑"
  },
  {
    "形声关系ID": 166,
    "形声字": "影",
    "声旁": "景"
  },
  {
    "形声关系ID": 167,
    "形声字": "旺",
    "声旁": "王"
  },
  {
    "形声关系ID": 168,
    "形声字": "胖",
    "声旁": "半"
  },
  {
    "形声关系ID": 169,
    "形声字": "按",
    "声旁": "安"
  },
  {
    "形声关系ID": 170,
    "形声字": "稍",
    "声旁": "肖"
  },
  {
    "形声关系ID": 171,
    "形声字": "植",
    "声旁": "直"
  },
  {
    "形声关系ID": 172,
    "形声字": "廉",
    "声旁": "兼"
  },
  {
    "形声关系ID": 173,
    "形声字": "挑",
    "声旁": "兆"
  },
  {
    "形声关系ID": 174,
    "形声字": "聚",
    "声旁": "取"
  },
  {
    "形声关系ID": 175,
    "形声字": "茵",
    "声旁": "因"
  },
  {
    "形声关系ID": 176,
    "形声字": "宣",
    "声旁": "亘"
  },
  {
    "形声关系ID": 177,
    "形声字": "模",
    "声旁": "莫"
  },
  {
    "形声关系ID": 178,
    "形声字": "茫",
    "声旁": "亡"
  },
  {
    "形声关系ID": 179,
    "形声字": "廓",
    "声旁": "郭"
  },
  {
    "形声关系ID": 180,
    "形声字": "譬",
    "声旁": "辟"
  },
  {
    "形声关系ID": 181,
    "形声字": "擂",
    "声旁": "雷"
  },
  {
    "形声关系ID": 182,
    "形声字": "梗",
    "声旁": "更"
  },
  {
    "形声关系ID": 183,
    "形声字": "忽",
    "声旁": "勿"
  },
  {
    "形声关系ID": 184,
    "形声字": "酬",
    "声旁": "州"
  },
  {
    "形声关系ID": 185,
    "形声字": "倚",
    "声旁": "奇"
  },
  {
    "形声关系ID": 186,
    "形声字": "雕",
    "声旁": "周"
  },
  {
    "形声关系ID": 187,
    "形声字": "候",
    "声旁": "侯"
  },
  {
    "形声关系ID": 188,
    "形声字": "芥",
    "声旁": "介"
  },
  {
    "形声关系ID": 189,
    "形声字": "遭",
    "声旁": "曹"
  },
  {
    "形声关系ID": 190,
    "形声字": "愚",
    "声旁": "禺"
  },
  {
    "形声关系ID": 191,
    "形声字": "亭",
    "声旁": "丁"
  },
  {
    "形声关系ID": 192,
    "形声字": "仇",
    "声旁": "九"
  },
  {
    "形声关系ID": 193,
    "形声字": "粗",
    "声旁": "且"
  },
  {
    "形声关系ID": 194,
    "形声字": "童",
    "声旁": "重"
  },
  {
    "形声关系ID": 195,
    "形声字": "懊",
    "声旁": "奥"
  },
  {
    "形声关系ID": 196,
    "形声字": "苹",
    "声旁": "平"
  },
  {
    "形声关系ID": 197,
    "形声字": "游",
    "声旁": "斿"
  },
  {
    "形声关系ID": 198,
    "形声字": "拯",
    "声旁": "丞"
  },
  {
    "形声关系ID": 199,
    "形声字": "渠",
    "声旁": "巨"
  },
  {
    "形声关系ID": 200,
    "形声字": "鄂",
    "声旁": "咢"
  },
  {
    "形声关系ID": 201,
    "形声字": "梯",
    "声旁": "弟"
  },
  {
    "形声关系ID": 202,
    "形声字": "勉",
    "声旁": "免"
  },
  {
    "形声关系ID": 203,
    "形声字": "稽",
    "声旁": "旨"
  },
  {
    "形声关系ID": 204,
    "形声字": "蔚",
    "声旁": "尉"
  },
  {
    "形声关系ID": 205,
    "形声字": "址",
    "声旁": "止"
  },
  {
    "形声关系ID": 206,
    "形声字": "掀",
    "声旁": "欣"
  },
  {
    "形声关系ID": 207,
    "形声字": "提",
    "声旁": "是"
  },
  {
    "形声关系ID": 208,
    "形声字": "郎",
    "声旁": "良"
  },
  {
    "形声关系ID": 209,
    "形声字": "揭",
    "声旁": "曷"
  },
  {
    "形声关系ID": 210,
    "形声字": "神",
    "声旁": "申"
  },
  {
    "形声关系ID": 211,
    "形声字": "遇",
    "声旁": "禺"
  },
  {
    "形声关系ID": 212,
    "形声字": "僚",
    "声旁": "尞"
  },
  {
    "形声关系ID": 213,
    "形声字": "被",
    "声旁": "皮"
  },
  {
    "形声关系ID": 214,
    "形声字": "案",
    "声旁": "安"
  },
  {
    "形声关系ID": 215,
    "形声字": "揍",
    "声旁": "奏"
  },
  {
    "形声关系ID": 216,
    "形声字": "御",
    "声旁": "御"
  },
  {
    "形声关系ID": 217,
    "形声字": "剿",
    "声旁": "巢"
  },
  {
    "形声关系ID": 218,
    "形声字": "震",
    "声旁": "辰"
  },
  {
    "形声关系ID": 219,
    "形声字": "政",
    "声旁": "正"
  },
  {
    "形声关系ID": 220,
    "形声字": "寄",
    "声旁": "奇"
  },
  {
    "形声关系ID": 221,
    "形声字": "烈",
    "声旁": "列"
  },
  {
    "形声关系ID": 222,
    "形声字": "吸",
    "声旁": "及"
  },
  {
    "形声关系ID": 223,
    "形声字": "撇",
    "声旁": "敝"
  },
  {
    "形声关系ID": 224,
    "形声字": "圈",
    "声旁": "卷"
  },
  {
    "形声关系ID": 225,
    "形声字": "倦",
    "声旁": "卷"
  },
  {
    "形声关系ID": 226,
    "形声字": "慌",
    "声旁": "荒"
  },
  {
    "形声关系ID": 227,
    "形声字": "愉",
    "声旁": "俞"
  },
  {
    "形声关系ID": 228,
    "形声字": "傲",
    "声旁": "敖"
  },
  {
    "形声关系ID": 229,
    "形声字": "禁",
    "声旁": "林"
  },
  {
    "形声关系ID": 230,
    "形声字": "割",
    "声旁": "害"
  },
  {
    "形声关系ID": 231,
    "形声字": "稼",
    "声旁": "家"
  },
  {
    "形声关系ID": 232,
    "形声字": "唱",
    "声旁": "昌"
  },
  {
    "形声关系ID": 233,
    "形声字": "逗",
    "声旁": "豆"
  },
  {
    "形声关系ID": 234,
    "形声字": "横",
    "声旁": "黄"
  },
  {
    "形声关系ID": 235,
    "形声字": "邪",
    "声旁": "牙"
  },
  {
    "形声关系ID": 236,
    "形声字": "偎",
    "声旁": "畏"
  },
  {
    "形声关系ID": 237,
    "形声字": "汞",
    "声旁": "工"
  },
  {
    "形声关系ID": 238,
    "形声字": "搔",
    "声旁": "蚤"
  },
  {
    "形声关系ID": 239,
    "形声字": "赴",
    "声旁": "卜"
  },
  {
    "形声关系ID": 240,
    "形声字": "玩",
    "声旁": "元"
  },
  {
    "形声关系ID": 241,
    "形声字": "臂",
    "声旁": "辟"
  },
  {
    "形声关系ID": 242,
    "形声字": "窟",
    "声旁": "屈"
  },
  {
    "形声关系ID": 243,
    "形声字": "梧",
    "声旁": "吾"
  },
  {
    "形声关系ID": 244,
    "形声字": "圾",
    "声旁": "及"
  },
  {
    "形声关系ID": 245,
    "形声字": "蕉",
    "声旁": "焦"
  },
  {
    "形声关系ID": 246,
    "形声字": "氓",
    "声旁": "亡"
  },
  {
    "形声关系ID": 247,
    "形声字": "剪",
    "声旁": "前"
  },
  {
    "形声关系ID": 248,
    "形声字": "敷",
    "声旁": "甫"
  },
  {
    "形声关系ID": 249,
    "形声字": "逾",
    "声旁": "俞"
  },
  {
    "形声关系ID": 250,
    "形声字": "侣",
    "声旁": "吕"
  },
  {
    "形声关系ID": 251,
    "形声字": "跤",
    "声旁": "交"
  },
  {
    "形声关系ID": 252,
    "形声字": "拇",
    "声旁": "母"
  },
  {
    "形声关系ID": 253,
    "形声字": "空",
    "声旁": "工"
  },
  {
    "形声关系ID": 254,
    "形声字": "刻",
    "声旁": "亥"
  },
  {
    "形声关系ID": 255,
    "形声字": "犁",
    "声旁": "利"
  },
  {
    "形声关系ID": 256,
    "形声字": "成",
    "声旁": "丁"
  },
  {
    "形声关系ID": 257,
    "形声字": "宵",
    "声旁": "肖"
  },
  {
    "形声关系ID": 258,
    "形声字": "在",
    "声旁": "才"
  },
  {
    "形声关系ID": 259,
    "形声字": "疑",
    "声旁": "矢"
  },
  {
    "形声关系ID": 260,
    "形声字": "伸",
    "声旁": "申"
  },
  {
    "形声关系ID": 261,
    "形声字": "揉",
    "声旁": "柔"
  },
  {
    "形声关系ID": 262,
    "形声字": "紊",
    "声旁": "文"
  },
  {
    "形声关系ID": 263,
    "形声字": "忠",
    "声旁": "中"
  },
  {
    "形声关系ID": 264,
    "形声字": "屠",
    "声旁": "者"
  },
  {
    "形声关系ID": 265,
    "形声字": "慧",
    "声旁": "彗"
  },
  {
    "形声关系ID": 266,
    "形声字": "除",
    "声旁": "余"
  },
  {
    "形声关系ID": 267,
    "形声字": "茄",
    "声旁": "加"
  },
  {
    "形声关系ID": 268,
    "形声字": "稿",
    "声旁": "高"
  },
  {
    "形声关系ID": 269,
    "形声字": "妖",
    "声旁": "夭"
  },
  {
    "形声关系ID": 270,
    "形声字": "誓",
    "声旁": "折"
  },
  {
    "形声关系ID": 271,
    "形声字": "披",
    "声旁": "皮"
  },
  {
    "形声关系ID": 272,
    "形声字": "曼",
    "声旁": "冒"
  },
  {
    "形声关系ID": 273,
    "形声字": "捧",
    "声旁": "奉"
  },
  {
    "形声关系ID": 274,
    "形声字": "泣",
    "声旁": "立"
  },
  {
    "形声关系ID": 275,
    "形声字": "景",
    "声旁": "京"
  },
  {
    "形声关系ID": 276,
    "形声字": "扑",
    "声旁": "卜"
  },
  {
    "形声关系ID": 277,
    "形声字": "停",
    "声旁": "亭"
  },
  {
    "形声关系ID": 278,
    "形声字": "仆",
    "声旁": "卜"
  },
  {
    "形声关系ID": 279,
    "形声字": "作",
    "声旁": "乍"
  },
  {
    "形声关系ID": 280,
    "形声字": "胡",
    "声旁": "古"
  },
  {
    "形声关系ID": 281,
    "形声字": "杆",
    "声旁": "干"
  },
  {
    "形声关系ID": 282,
    "形声字": "垢",
    "声旁": "后"
  },
  {
    "形声关系ID": 283,
    "形声字": "忘",
    "声旁": "亡"
  },
  {
    "形声关系ID": 284,
    "形声字": "憎",
    "声旁": "曾"
  },
  {
    "形声关系ID": 285,
    "形声字": "痢",
    "声旁": "利"
  },
  {
    "形声关系ID": 286,
    "形声字": "殉",
    "声旁": "旬"
  },
  {
    "形声关系ID": 287,
    "形声字": "功",
    "声旁": "工"
  },
  {
    "形声关系ID": 288,
    "形声字": "冷",
    "声旁": "令"
  },
  {
    "形声关系ID": 289,
    "形声字": "疾",
    "声旁": "矢"
  },
  {
    "形声关系ID": 290,
    "形声字": "志",
    "声旁": "士"
  },
  {
    "形声关系ID": 291,
    "形声字": "俺",
    "声旁": "奄"
  },
  {
    "形声关系ID": 292,
    "形声字": "掌",
    "声旁": "尚"
  },
  {
    "形声关系ID": 293,
    "形声字": "暗",
    "声旁": "音"
  },
  {
    "形声关系ID": 294,
    "形声字": "薪",
    "声旁": "新"
  },
  {
    "形声关系ID": 295,
    "形声字": "悦",
    "声旁": "兑"
  },
  {
    "形声关系ID": 296,
    "形声字": "棒",
    "声旁": "奉"
  },
  {
    "形声关系ID": 297,
    "形声字": "沽",
    "声旁": "古"
  },
  {
    "形声关系ID": 298,
    "形声字": "萎",
    "声旁": "委"
  },
  {
    "形声关系ID": 299,
    "形声字": "煮",
    "声旁": "者"
  },
  {
    "形声关系ID": 300,
    "形声字": "睛",
    "声旁": "青"
  },
  {
    "形声关系ID": 301,
    "形声字": "防",
    "声旁": "方"
  },
  {
    "形声关系ID": 302,
    "形声字": "零",
    "声旁": "令"
  },
  {
    "形声关系ID": 303,
    "形声字": "嘉",
    "声旁": "加"
  },
  {
    "形声关系ID": 304,
    "形声字": "汪",
    "声旁": "王"
  },
  {
    "形声关系ID": 305,
    "形声字": "凝",
    "声旁": "疑"
  },
  {
    "形声关系ID": 306,
    "形声字": "秩",
    "声旁": "失"
  },
  {
    "形声关系ID": 307,
    "形声字": "憋",
    "声旁": "敝"
  },
  {
    "形声关系ID": 308,
    "形声字": "修",
    "声旁": "攸"
  },
  {
    "形声关系ID": 309,
    "形声字": "旗",
    "声旁": "其"
  },
  {
    "形声关系ID": 310,
    "形声字": "撩",
    "声旁": "尞"
  },
  {
    "形声关系ID": 311,
    "形声字": "清",
    "声旁": "青"
  },
  {
    "形声关系ID": 312,
    "形声字": "脱",
    "声旁": "兑"
  },
  {
    "形声关系ID": 313,
    "形声字": "醉",
    "声旁": "卒"
  },
  {
    "形声关系ID": 314,
    "形声字": "霹",
    "声旁": "辟"
  },
  {
    "形声关系ID": 315,
    "形声字": "岸",
    "声旁": "干"
  },
  {
    "形声关系ID": 316,
    "形声字": "歇",
    "声旁": "曷"
  },
  {
    "形声关系ID": 317,
    "形声字": "挺",
    "声旁": "廷"
  },
  {
    "形声关系ID": 318,
    "形声字": "百",
    "声旁": "白"
  },
  {
    "形声关系ID": 319,
    "形声字": "界",
    "声旁": "介"
  },
  {
    "形声关系ID": 320,
    "形声字": "道",
    "声旁": "首"
  },
  {
    "形声关系ID": 321,
    "形声字": "敏",
    "声旁": "每"
  },
  {
    "形声关系ID": 322,
    "形声字": "程",
    "声旁": "呈"
  },
  {
    "形声关系ID": 323,
    "形声字": "熬",
    "声旁": "敖"
  },
  {
    "形声关系ID": 324,
    "形声字": "概",
    "声旁": "既"
  },
  {
    "形声关系ID": 325,
    "形声字": "撰",
    "声旁": "巽"
  },
  {
    "形声关系ID": 326,
    "形声字": "符",
    "声旁": "付"
  },
  {
    "形声关系ID": 327,
    "形声字": "炮",
    "声旁": "包"
  },
  {
    "形声关系ID": 328,
    "形声字": "皖",
    "声旁": "完"
  },
  {
    "形声关系ID": 329,
    "形声字": "供",
    "声旁": "共"
  },
  {
    "形声关系ID": 330,
    "形声字": "抗",
    "声旁": "亢"
  },
  {
    "形声关系ID": 331,
    "形声字": "陡",
    "声旁": "走"
  },
  {
    "形声关系ID": 332,
    "形声字": "感",
    "声旁": "咸"
  },
  {
    "形声关系ID": 333,
    "形声字": "秒",
    "声旁": "少"
  },
  {
    "形声关系ID": 334,
    "形声字": "夸",
    "声旁": "于"
  },
  {
    "形声关系ID": 335,
    "形声字": "惰",
    "声旁": "左"
  },
  {
    "形声关系ID": 336,
    "形声字": "英",
    "声旁": "央"
  },
  {
    "形声关系ID": 337,
    "形声字": "盒",
    "声旁": "合"
  },
  {
    "形声关系ID": 338,
    "形声字": "坦",
    "声旁": "旦"
  },
  {
    "形声关系ID": 339,
    "形声字": "裹",
    "声旁": "果"
  },
  {
    "形声关系ID": 340,
    "形声字": "精",
    "声旁": "青"
  },
  {
    "形声关系ID": 341,
    "形声字": "院",
    "声旁": "完"
  },
  {
    "形声关系ID": 342,
    "形声字": "抖",
    "声旁": "斗"
  },
  {
    "形声关系ID": 343,
    "形声字": "盯",
    "声旁": "丁"
  },
  {
    "形声关系ID": 344,
    "形声字": "哨",
    "声旁": "肖"
  },
  {
    "形声关系ID": 345,
    "形声字": "旁",
    "声旁": "方"
  },
  {
    "形声关系ID": 346,
    "形声字": "渝",
    "声旁": "俞"
  },
  {
    "形声关系ID": 347,
    "形声字": "室",
    "声旁": "至"
  },
  {
    "形声关系ID": 348,
    "形声字": "悄",
    "声旁": "肖"
  },
  {
    "形声关系ID": 349,
    "形声字": "姑",
    "声旁": "古"
  },
  {
    "形声关系ID": 350,
    "形声字": "决",
    "声旁": "夬"
  },
  {
    "形声关系ID": 351,
    "形声字": "冀",
    "声旁": "異"
  },
  {
    "形声关系ID": 352,
    "形声字": "倘",
    "声旁": "尚"
  },
  {
    "形声关系ID": 353,
    "形声字": "依",
    "声旁": "衣"
  },
  {
    "形声关系ID": 354,
    "形声字": "螺",
    "声旁": "累"
  },
  {
    "形声关系ID": 355,
    "形声字": "呻",
    "声旁": "申"
  },
  {
    "形声关系ID": 356,
    "形声字": "柏",
    "声旁": "白"
  },
  {
    "形声关系ID": 357,
    "形声字": "甥",
    "声旁": "生"
  },
  {
    "形声关系ID": 358,
    "形声字": "滑",
    "声旁": "骨"
  },
  {
    "形声关系ID": 359,
    "形声字": "豫",
    "声旁": "予"
  },
  {
    "形声关系ID": 360,
    "形声字": "烹",
    "声旁": "亨"
  },
  {
    "形声关系ID": 361,
    "形声字": "注",
    "声旁": "主"
  },
  {
    "形声关系ID": 362,
    "形声字": "挣",
    "声旁": "争"
  },
  {
    "形声关系ID": 363,
    "形声字": "唁",
    "声旁": "言"
  },
  {
    "形声关系ID": 364,
    "形声字": "枯",
    "声旁": "古"
  },
  {
    "形声关系ID": 365,
    "形声字": "雇",
    "声旁": "户"
  },
  {
    "形声关系ID": 366,
    "形声字": "地",
    "声旁": "也"
  },
  {
    "形声关系ID": 367,
    "形声字": "迂",
    "声旁": "于"
  },
  {
    "形声关系ID": 368,
    "形声字": "握",
    "声旁": "屋"
  },
  {
    "形声关系ID": 369,
    "形声字": "余",
    "声旁": "余"
  },
  {
    "形声关系ID": 370,
    "形声字": "苟",
    "声旁": "句"
  },
  {
    "形声关系ID": 371,
    "形声字": "躺",
    "声旁": "尚"
  },
  {
    "形声关系ID": 372,
    "形声字": "橙",
    "声旁": "登"
  },
  {
    "形声关系ID": 373,
    "形声字": "蠕",
    "声旁": "需"
  },
  {
    "形声关系ID": 374,
    "形声字": "彼",
    "声旁": "皮"
  },
  {
    "形声关系ID": 375,
    "形声字": "池",
    "声旁": "也"
  },
  {
    "形声关系ID": 376,
    "形声字": "昨",
    "声旁": "乍"
  },
  {
    "形声关系ID": 377,
    "形声字": "翩",
    "声旁": "扁"
  },
  {
    "形声关系ID": 378,
    "形声字": "措",
    "声旁": "昔"
  },
  {
    "形声关系ID": 379,
    "形声字": "浦",
    "声旁": "甫"
  },
  {
    "形声关系ID": 380,
    "形声字": "野",
    "声旁": "予"
  },
  {
    "形声关系ID": 381,
    "形声字": "沮",
    "声旁": "且"
  },
  {
    "形声关系ID": 382,
    "形声字": "症",
    "声旁": "正"
  },
  {
    "形声关系ID": 383,
    "形声字": "佃",
    "声旁": "田"
  },
  {
    "形声关系ID": 384,
    "形声字": "性",
    "声旁": "生"
  },
  {
    "形声关系ID": 385,
    "形声字": "溢",
    "声旁": "益"
  },
  {
    "形声关系ID": 386,
    "形声字": "箭",
    "声旁": "前"
  },
  {
    "形声关系ID": 387,
    "形声字": "幕",
    "声旁": "莫"
  },
  {
    "形声关系ID": 388,
    "形声字": "偏",
    "声旁": "扁"
  },
  {
    "形声关系ID": 389,
    "形声字": "芽",
    "声旁": "牙"
  },
  {
    "形声关系ID": 390,
    "形声字": "苦",
    "声旁": "古"
  },
  {
    "形声关系ID": 391,
    "形声字": "吝",
    "声旁": "文"
  },
  {
    "形声关系ID": 392,
    "形声字": "紫",
    "声旁": "此"
  },
  {
    "形声关系ID": 393,
    "形声字": "物",
    "声旁": "勿"
  },
  {
    "形声关系ID": 394,
    "形声字": "速",
    "声旁": "束"
  },
  {
    "形声关系ID": 395,
    "形声字": "佐",
    "声旁": "左"
  },
  {
    "形声关系ID": 396,
    "形声字": "悠",
    "声旁": "攸"
  },
  {
    "形声关系ID": 397,
    "形声字": "含",
    "声旁": "今"
  },
  {
    "形声关系ID": 398,
    "形声字": "娶",
    "声旁": "取"
  },
  {
    "形声关系ID": 399,
    "形声字": "隆",
    "声旁": "降"
  },
  {
    "形声关系ID": 400,
    "形声字": "喝",
    "声旁": "曷"
  },
  {
    "形声关系ID": 401,
    "形声字": "忿",
    "声旁": "分"
  },
  {
    "形声关系ID": 402,
    "形声字": "洋",
    "声旁": "羊"
  },
  {
    "形声关系ID": 403,
    "形声字": "姻",
    "声旁": "因"
  },
  {
    "形声关系ID": 404,
    "形声字": "校",
    "声旁": "交"
  },
  {
    "形声关系ID": 405,
    "形声字": "跨",
    "声旁": "夸"
  },
  {
    "形声关系ID": 406,
    "形声字": "拷",
    "声旁": "考"
  },
  {
    "形声关系ID": 407,
    "形声字": "稠",
    "声旁": "周"
  },
  {
    "形声关系ID": 408,
    "形声字": "懦",
    "声旁": "需"
  },
  {
    "形声关系ID": 409,
    "形声字": "演",
    "声旁": "寅"
  },
  {
    "形声关系ID": 410,
    "形声字": "棉",
    "声旁": "帛"
  },
  {
    "形声关系ID": 411,
    "形声字": "屏",
    "声旁": "并"
  },
  {
    "形声关系ID": 412,
    "形声字": "檐",
    "声旁": "詹"
  },
  {
    "形声关系ID": 413,
    "形声字": "妙",
    "声旁": "少"
  },
  {
    "形声关系ID": 414,
    "形声字": "拱",
    "声旁": "共"
  },
  {
    "形声关系ID": 415,
    "形声字": "遮",
    "声旁": "庶"
  },
  {
    "形声关系ID": 416,
    "形声字": "檀",
    "声旁": "亶"
  },
  {
    "形声关系ID": 417,
    "形声字": "吵",
    "声旁": "少"
  },
  {
    "形声关系ID": 418,
    "形声字": "芋",
    "声旁": "于"
  },
  {
    "形声关系ID": 419,
    "形声字": "何",
    "声旁": "可"
  },
  {
    "形声关系ID": 420,
    "形声字": "庇",
    "声旁": "比"
  },
  {
    "形声关系ID": 421,
    "形声字": "捶",
    "声旁": "垂"
  },
  {
    "形声关系ID": 422,
    "形声字": "瓤",
    "声旁": "襄"
  },
  {
    "形声关系ID": 423,
    "形声字": "瘤",
    "声旁": "留"
  },
  {
    "形声关系ID": 424,
    "形声字": "寓",
    "声旁": "禺"
  },
  {
    "形声关系ID": 425,
    "形声字": "静",
    "声旁": "争"
  },
  {
    "形声关系ID": 426,
    "形声字": "佑",
    "声旁": "右"
  },
  {
    "形声关系ID": 427,
    "形声字": "健",
    "声旁": "建"
  },
  {
    "形声关系ID": 428,
    "形声字": "慈",
    "声旁": "兹"
  },
  {
    "形声关系ID": 429,
    "形声字": "妄",
    "声旁": "亡"
  },
  {
    "形声关系ID": 430,
    "形声字": "姆",
    "声旁": "母"
  },
  {
    "形声关系ID": 431,
    "形声字": "潘",
    "声旁": "番"
  },
  {
    "形声关系ID": 432,
    "形声字": "混",
    "声旁": "昆"
  },
  {
    "形声关系ID": 433,
    "形声字": "吾",
    "声旁": "五"
  },
  {
    "形声关系ID": 434,
    "形声字": "波",
    "声旁": "皮"
  },
  {
    "形声关系ID": 435,
    "形声字": "增",
    "声旁": "曾"
  },
  {
    "形声关系ID": 436,
    "形声字": "拌",
    "声旁": "半"
  },
  {
    "形声关系ID": 437,
    "形声字": "悔",
    "声旁": "每"
  },
  {
    "形声关系ID": 438,
    "形声字": "昭",
    "声旁": "召"
  },
  {
    "形声关系ID": 439,
    "形声字": "肖",
    "声旁": "小"
  },
  {
    "形声关系ID": 440,
    "形声字": "固",
    "声旁": "古"
  },
  {
    "形声关系ID": 441,
    "形声字": "俗",
    "声旁": "谷"
  },
  {
    "形声关系ID": 442,
    "形声字": "姓",
    "声旁": "生"
  },
  {
    "形声关系ID": 443,
    "形声字": "祥",
    "声旁": "羊"
  },
  {
    "形声关系ID": 444,
    "形声字": "芒",
    "声旁": "亡"
  },
  {
    "形声关系ID": 445,
    "形声字": "婚",
    "声旁": "昏"
  },
  {
    "形声关系ID": 446,
    "形声字": "憾",
    "声旁": "感"
  },
  {
    "形声关系ID": 447,
    "形声字": "澳",
    "声旁": "奥"
  },
  {
    "形声关系ID": 448,
    "形声字": "需",
    "声旁": "而"
  },
  {
    "形声关系ID": 449,
    "形声字": "泌",
    "声旁": "必"
  },
  {
    "形声关系ID": 450,
    "形声字": "徐",
    "声旁": "余"
  },
  {
    "形声关系ID": 451,
    "形声字": "掘",
    "声旁": "屈"
  },
  {
    "形声关系ID": 452,
    "形声字": "判",
    "声旁": "半"
  },
  {
    "形声关系ID": 453,
    "形声字": "凳",
    "声旁": "登"
  },
  {
    "形声关系ID": 454,
    "形声字": "竿",
    "声旁": "干"
  },
  {
    "形声关系ID": 455,
    "形声字": "盟",
    "声旁": "明"
  },
  {
    "形声关系ID": 456,
    "形声字": "悍",
    "声旁": "旱"
  },
  {
    "形声关系ID": 457,
    "形声字": "施",
    "声旁": "也"
  },
  {
    "形声关系ID": 458,
    "形声字": "咧",
    "声旁": "列"
  },
  {
    "形声关系ID": 459,
    "形声字": "嫌",
    "声旁": "兼"
  },
  {
    "形声关系ID": 460,
    "形声字": "弛",
    "声旁": "也"
  },
  {
    "形声关系ID": 461,
    "形声字": "援",
    "声旁": "爰"
  },
  {
    "形声关系ID": 462,
    "形声字": "嫉",
    "声旁": "疾"
  },
  {
    "形声关系ID": 463,
    "形声字": "陌",
    "声旁": "百"
  },
  {
    "形声关系ID": 464,
    "形声字": "斯",
    "声旁": "其"
  },
  {
    "形声关系ID": 465,
    "形声字": "附",
    "声旁": "付"
  },
  {
    "形声关系ID": 466,
    "形声字": "徽",
    "声旁": "微"
  },
  {
    "形声关系ID": 467,
    "形声字": "往",
    "声旁": "王"
  },
  {
    "形声关系ID": 468,
    "形声字": "任",
    "声旁": "壬"
  },
  {
    "形声关系ID": 469,
    "形声字": "招",
    "声旁": "召"
  },
  {
    "形声关系ID": 470,
    "形声字": "置",
    "声旁": "直"
  },
  {
    "形声关系ID": 471,
    "形声字": "褒",
    "声旁": "保"
  },
  {
    "形声关系ID": 472,
    "形声字": "隘",
    "声旁": "益"
  },
  {
    "形声关系ID": 473,
    "形声字": "呐",
    "声旁": "内"
  },
  {
    "形声关系ID": 474,
    "形声字": "捍",
    "声旁": "旱"
  },
  {
    "形声关系ID": 475,
    "形声字": "松",
    "声旁": "公"
  },
  {
    "形声关系ID": 476,
    "形声字": "炕",
    "声旁": "亢"
  },
  {
    "形声关系ID": 477,
    "形声字": "哀",
    "声旁": "衣"
  },
  {
    "形声关系ID": 478,
    "形声字": "恤",
    "声旁": "血"
  },
  {
    "形声关系ID": 479,
    "形声字": "肢",
    "声旁": "支"
  },
  {
    "形声关系ID": 480,
    "形声字": "奸",
    "声旁": "干"
  },
  {
    "形声关系ID": 481,
    "形声字": "淌",
    "声旁": "尚"
  },
  {
    "形声关系ID": 482,
    "形声字": "棠",
    "声旁": "尚"
  },
  {
    "形声关系ID": 483,
    "形声字": "梢",
    "声旁": "肖"
  },
  {
    "形声关系ID": 484,
    "形声字": "蛤",
    "声旁": "合"
  },
  {
    "形声关系ID": 485,
    "形声字": "理",
    "声旁": "里"
  },
  {
    "形声关系ID": 486,
    "形声字": "企",
    "声旁": "止"
  },
  {
    "形声关系ID": 487,
    "形声字": "沃",
    "声旁": "夭"
  },
  {
    "形声关系ID": 488,
    "形声字": "竭",
    "声旁": "曷"
  },
  {
    "形声关系ID": 489,
    "形声字": "醋",
    "声旁": "昔"
  },
  {
    "形声关系ID": 490,
    "形声字": "炫",
    "声旁": "玄"
  },
  {
    "形声关系ID": 491,
    "形声字": "脾",
    "声旁": "卑"
  },
  {
    "形声关系ID": 492,
    "形声字": "弊",
    "声旁": "敝"
  },
  {
    "形声关系ID": 493,
    "形声字": "淑",
    "声旁": "叔"
  },
  {
    "形声关系ID": 494,
    "形声字": "机",
    "声旁": "几"
  },
  {
    "形声关系ID": 495,
    "形声字": "密",
    "声旁": "宓"
  },
  {
    "形声关系ID": 496,
    "形声字": "漫",
    "声旁": "曼"
  },
  {
    "形声关系ID": 497,
    "形声字": "播",
    "声旁": "番"
  },
  {
    "形声关系ID": 498,
    "形声字": "露",
    "声旁": "路"
  },
  {
    "形声关系ID": 499,
    "形声字": "确",
    "声旁": "角"
  },
  {
    "形声关系ID": 500,
    "形声字": "咳",
    "声旁": "亥"
  },
  {
    "形声关系ID": 501,
    "形声字": "境",
    "声旁": "竟"
  },
  {
    "形声关系ID": 502,
    "形声字": "憔",
    "声旁": "焦"
  },
  {
    "形声关系ID": 503,
    "形声字": "冶",
    "声旁": "台"
  },
  {
    "形声关系ID": 504,
    "形声字": "悟",
    "声旁": "吾"
  },
  {
    "形声关系ID": 505,
    "形声字": "征",
    "声旁": "正"
  },
  {
    "形声关系ID": 506,
    "形声字": "泥",
    "声旁": "尼"
  },
  {
    "形声关系ID": 507,
    "形声字": "底",
    "声旁": "氐"
  },
  {
    "形声关系ID": 508,
    "形声字": "桐",
    "声旁": "同"
  },
  {
    "形声关系ID": 509,
    "形声字": "蹂",
    "声旁": "柔"
  },
  {
    "形声关系ID": 510,
    "形声字": "抵",
    "声旁": "氐"
  },
  {
    "形声关系ID": 511,
    "形声字": "杜",
    "声旁": "土"
  },
  {
    "形声关系ID": 512,
    "形声字": "淡",
    "声旁": "炎"
  },
  {
    "形声关系ID": 513,
    "形声字": "傍",
    "声旁": "旁"
  },
  {
    "形声关系ID": 514,
    "形声字": "拼",
    "声旁": "并"
  },
  {
    "形声关系ID": 515,
    "形声字": "警",
    "声旁": "敬"
  },
  {
    "形声关系ID": 516,
    "形声字": "哲",
    "声旁": "折"
  },
  {
    "形声关系ID": 517,
    "形声字": "沸",
    "声旁": "弗"
  },
  {
    "形声关系ID": 518,
    "形声字": "朴",
    "声旁": "卜"
  },
  {
    "形声关系ID": 519,
    "形声字": "倔",
    "声旁": "屈"
  },
  {
    "形声关系ID": 520,
    "形声字": "迫",
    "声旁": "白"
  },
  {
    "形声关系ID": 521,
    "形声字": "晨",
    "声旁": "辰"
  },
  {
    "形声关系ID": 522,
    "形声字": "苞",
    "声旁": "包"
  },
  {
    "形声关系ID": 523,
    "形声字": "胞",
    "声旁": "包"
  },
  {
    "形声关系ID": 524,
    "形声字": "粹",
    "声旁": "卒"
  },
  {
    "形声关系ID": 525,
    "形声字": "佛",
    "声旁": "弗"
  },
  {
    "形声关系ID": 526,
    "形声字": "耗",
    "声旁": "毛"
  },
  {
    "形声关系ID": 527,
    "形声字": "碎",
    "声旁": "卒"
  },
  {
    "形声关系ID": 528,
    "形声字": "榆",
    "声旁": "俞"
  },
  {
    "形声关系ID": 529,
    "形声字": "故",
    "声旁": "古"
  },
  {
    "形声关系ID": 530,
    "形声字": "拒",
    "声旁": "巨"
  },
  {
    "形声关系ID": 531,
    "形声字": "疲",
    "声旁": "皮"
  },
  {
    "形声关系ID": 532,
    "形声字": "宇",
    "声旁": "于"
  },
  {
    "形声关系ID": 533,
    "形声字": "帕",
    "声旁": "白"
  },
  {
    "形声关系ID": 534,
    "形声字": "房",
    "声旁": "方"
  },
  {
    "形声关系ID": 535,
    "形声字": "迹",
    "声旁": "亦"
  },
  {
    "形声关系ID": 536,
    "形声字": "踏",
    "声旁": "沓"
  },
  {
    "形声关系ID": 537,
    "形声字": "趣",
    "声旁": "取"
  },
  {
    "形声关系ID": 538,
    "形声字": "黔",
    "声旁": "今"
  },
  {
    "形声关系ID": 539,
    "形声字": "效",
    "声旁": "交"
  },
  {
    "形声关系ID": 540,
    "形声字": "醇",
    "声旁": "享"
  },
  {
    "形声关系ID": 541,
    "形声字": "酌",
    "声旁": "勺"
  },
  {
    "形声关系ID": 542,
    "形声字": "滋",
    "声旁": "兹"
  },
  {
    "形声关系ID": 543,
    "形声字": "劫",
    "声旁": "去"
  },
  {
    "形声关系ID": 544,
    "形声字": "矩",
    "声旁": "巨"
  },
  {
    "形声关系ID": 545,
    "形声字": "徒",
    "声旁": "土"
  },
  {
    "形声关系ID": 546,
    "形声字": "庵",
    "声旁": "奄"
  },
  {
    "形声关系ID": 547,
    "形声字": "畸",
    "声旁": "奇"
  },
  {
    "形声关系ID": 548,
    "形声字": "蔽",
    "声旁": "敝"
  },
  {
    "形声关系ID": 549,
    "形声字": "姿",
    "声旁": "次"
  },
  {
    "形声关系ID": 550,
    "形声字": "拍",
    "声旁": "白"
  },
  {
    "形声关系ID": 551,
    "形声字": "樟",
    "声旁": "章"
  },
  {
    "形声关系ID": 552,
    "形声字": "代",
    "声旁": "弋"
  },
  {
    "形声关系ID": 553,
    "形声字": "柄",
    "声旁": "丙"
  },
  {
    "形声关系ID": 554,
    "形声字": "刊",
    "声旁": "干"
  },
  {
    "形声关系ID": 555,
    "形声字": "畔",
    "声旁": "半"
  },
  {
    "形声关系ID": 556,
    "形声字": "塘",
    "声旁": "唐"
  },
  {
    "形声关系ID": 557,
    "形声字": "照",
    "声旁": "昭"
  },
  {
    "形声关系ID": 558,
    "形声字": "抽",
    "声旁": "由"
  },
  {
    "形声关系ID": 559,
    "形声字": "遵",
    "声旁": "尊"
  },
  {
    "形声关系ID": 560,
    "形声字": "始",
    "声旁": "台"
  },
  {
    "形声关系ID": 561,
    "形声字": "值",
    "声旁": "直"
  },
  {
    "形声关系ID": 562,
    "形声字": "移",
    "声旁": "多"
  },
  {
    "形声关系ID": 563,
    "形声字": "菜",
    "声旁": "采"
  },
  {
    "形声关系ID": 564,
    "形声字": "枝",
    "声旁": "支"
  },
  {
    "形声关系ID": 565,
    "形声字": "瞳",
    "声旁": "童"
  },
  {
    "形声关系ID": 566,
    "形声字": "抒",
    "声旁": "予"
  },
  {
    "形声关系ID": 567,
    "形声字": "惑",
    "声旁": "或"
  },
  {
    "形声关系ID": 568,
    "形声字": "溉",
    "声旁": "既"
  },
  {
    "形声关系ID": 569,
    "形声字": "指",
    "声旁": "旨"
  },
  {
    "形声关系ID": 570,
    "形声字": "簧",
    "声旁": "黄"
  },
  {
    "形声关系ID": 571,
    "形声字": "通",
    "声旁": "甬"
  },
  {
    "形声关系ID": 572,
    "形声字": "迭",
    "声旁": "失"
  },
  {
    "形声关系ID": 573,
    "形声字": "掩",
    "声旁": "奄"
  },
  {
    "形声关系ID": 574,
    "形声字": "萌",
    "声旁": "明"
  },
  {
    "形声关系ID": 575,
    "形声字": "逞",
    "声旁": "呈"
  },
  {
    "形声关系ID": 576,
    "形声字": "遏",
    "声旁": "曷"
  },
  {
    "形声关系ID": 577,
    "形声字": "薄",
    "声旁": "溥"
  },
  {
    "形声关系ID": 578,
    "形声字": "情",
    "声旁": "青"
  },
  {
    "形声关系ID": 579,
    "形声字": "簿",
    "声旁": "溥"
  },
  {
    "形声关系ID": 580,
    "形声字": "渡",
    "声旁": "度"
  },
  {
    "形声关系ID": 581,
    "形声字": "侈",
    "声旁": "多"
  },
  {
    "形声关系ID": 582,
    "形声字": "智",
    "声旁": "知"
  },
  {
    "形声关系ID": 583,
    "形声字": "仿",
    "声旁": "方"
  },
  {
    "形声关系ID": 584,
    "形声字": "伯",
    "声旁": "白"
  },
  {
    "形声关系ID": 585,
    "形声字": "技",
    "声旁": "支"
  },
  {
    "形声关系ID": 586,
    "形声字": "有",
    "声旁": "又"
  },
  {
    "形声关系ID": 587,
    "形声字": "雅",
    "声旁": "牙"
  },
  {
    "形声关系ID": 588,
    "形声字": "翔",
    "声旁": "羊"
  },
  {
    "形声关系ID": 589,
    "形声字": "枉",
    "声旁": "王"
  },
  {
    "形声关系ID": 590,
    "形声字": "裳",
    "声旁": "尚"
  },
  {
    "形声关系ID": 591,
    "形声字": "孩",
    "声旁": "亥"
  },
  {
    "形声关系ID": 592,
    "形声字": "唐",
    "声旁": "庚"
  },
  {
    "形声关系ID": 593,
    "形声字": "俏",
    "声旁": "肖"
  },
  {
    "形声关系ID": 594,
    "形声字": "眠",
    "声旁": "民"
  },
  {
    "形声关系ID": 595,
    "形声字": "昂",
    "声旁": "卬"
  },
  {
    "形声关系ID": 596,
    "形声字": "衙",
    "声旁": "吾"
  },
  {
    "形声关系ID": 597,
    "形声字": "褐",
    "声旁": "曷"
  },
  {
    "形声关系ID": 598,
    "形声字": "挎",
    "声旁": "夸"
  },
  {
    "形声关系ID": 599,
    "形声字": "扼",
    "声旁": "厄"
  },
  {
    "形声关系ID": 600,
    "形声字": "狡",
    "声旁": "交"
  },
  {
    "形声关系ID": 601,
    "形声字": "吁",
    "声旁": "于"
  },
  {
    "形声关系ID": 602,
    "形声字": "燃",
    "声旁": "然"
  },
  {
    "形声关系ID": 603,
    "形声字": "疏",
    "声旁": "疋"
  },
  {
    "形声关系ID": 604,
    "形声字": "荷",
    "声旁": "何"
  },
  {
    "形声关系ID": 605,
    "形声字": "泊",
    "声旁": "白"
  },
  {
    "形声关系ID": 606,
    "形声字": "豪",
    "声旁": "高"
  },
  {
    "形声关系ID": 607,
    "形声字": "粒",
    "声旁": "立"
  },
  {
    "形声关系ID": 608,
    "形声字": "仰",
    "声旁": "卬"
  },
  {
    "形声关系ID": 609,
    "形声字": "述",
    "声旁": "术"
  },
  {
    "形声关系ID": 610,
    "形声字": "裸",
    "声旁": "果"
  },
  {
    "形声关系ID": 611,
    "形声字": "偶",
    "声旁": "禺"
  },
  {
    "形声关系ID": 612,
    "形声字": "洪",
    "声旁": "共"
  },
  {
    "形声关系ID": 613,
    "形声字": "藏",
    "声旁": "臧"
  },
  {
    "形声关系ID": 614,
    "形声字": "蹲",
    "声旁": "尊"
  },
  {
    "形声关系ID": 615,
    "形声字": "核",
    "声旁": "亥"
  },
  {
    "形声关系ID": 616,
    "形声字": "妨",
    "声旁": "方"
  },
  {
    "形声关系ID": 617,
    "形声字": "奢",
    "声旁": "者"
  },
  {
    "形声关系ID": 618,
    "形声字": "框",
    "声旁": "匡"
  },
  {
    "形声关系ID": 619,
    "形声字": "慢",
    "声旁": "曼"
  },
  {
    "形声关系ID": 620,
    "形声字": "腐",
    "声旁": "府"
  },
  {
    "形声关系ID": 621,
    "形声字": "寞",
    "声旁": "莫"
  },
  {
    "形声关系ID": 622,
    "形声字": "趾",
    "声旁": "止"
  },
  {
    "形声关系ID": 623,
    "形声字": "蕾",
    "声旁": "雷"
  },
  {
    "形声关系ID": 624,
    "形声字": "徘",
    "声旁": "非"
  },
  {
    "形声关系ID": 625,
    "形声字": "漠",
    "声旁": "莫"
  },
  {
    "形声关系ID": 626,
    "形声字": "凑",
    "声旁": "奏"
  },
  {
    "形声关系ID": 627,
    "形声字": "斧",
    "声旁": "父"
  },
  {
    "形声关系ID": 628,
    "形声字": "壤",
    "声旁": "襄"
  },
  {
    "形声关系ID": 629,
    "形声字": "猛",
    "声旁": "孟"
  },
  {
    "形声关系ID": 630,
    "形声字": "惶",
    "声旁": "皇"
  },
  {
    "形声关系ID": 631,
    "形声字": "熟",
    "声旁": "孰"
  },
  {
    "形声关系ID": 632,
    "形声字": "怕",
    "声旁": "白"
  },
  {
    "形声关系ID": 633,
    "形声字": "忍",
    "声旁": "刃"
  },
  {
    "形声关系ID": 634,
    "形声字": "蝎",
    "声旁": "曷"
  },
  {
    "形声关系ID": 635,
    "形声字": "忙",
    "声旁": "亡"
  },
  {
    "形声关系ID": 636,
    "形声字": "瞻",
    "声旁": "詹"
  },
  {
    "形声关系ID": 637,
    "形声字": "怠",
    "声旁": "台"
  },
  {
    "形声关系ID": 638,
    "形声字": "仍",
    "声旁": "乃"
  },
  {
    "形声关系ID": 639,
    "形声字": "架",
    "声旁": "加"
  },
  {
    "形声关系ID": 640,
    "形声字": "霄",
    "声旁": "肖"
  },
  {
    "形声关系ID": 641,
    "形声字": "航",
    "声旁": "亢"
  },
  {
    "形声关系ID": 642,
    "形声字": "壁",
    "声旁": "辟"
  },
  {
    "形声关系ID": 643,
    "形声字": "咨",
    "声旁": "次"
  },
  {
    "形声关系ID": 644,
    "形声字": "消",
    "声旁": "肖"
  },
  {
    "形声关系ID": 645,
    "形声字": "箕",
    "声旁": "其"
  },
  {
    "形声关系ID": 646,
    "形声字": "押",
    "声旁": "甲"
  },
  {
    "形声关系ID": 647,
    "形声字": "呵",
    "声旁": "可"
  },
  {
    "形声关系ID": 648,
    "形声字": "常",
    "声旁": "尚"
  },
  {
    "形声关系ID": 649,
    "形声字": "致",
    "声旁": "至"
  }
]